name,enabled,site_name,search_term,location,is_remote,distance,hours_old,results_wanted,country_indeed,linkedin_fetch_description,google_search_term
"Data Analyst (Boulder, Local)",TRUE,"[""indeed"",""linkedin""]",Data Analyst,"Boulder, CO",,25,24,1500,USA,TRUE,
"Data Analyst (Boulder, Remote)",TRUE,"[""indeed"",""linkedin""]",Data Analyst,"Boulder, CO",TRUE,,24,1500,USA,TRUE,
"Data Analyst (Loveland, Local)",TRUE,"[""indeed"",""linkedin""]",Data Analyst,"Loveland, CO",,25,24,1500,USA,TRUE,
"Data Analyst (Loveland, Remote)",TRUE,"[""indeed"",""linkedin""]",Data Analyst,"Loveland, CO",TRUE,,24,1500,USA,TRUE,
"Data Analyst (Denver, Local)",TRUE,"[""indeed"",""linkedin""]",Data Analyst,"Denver, CO",,25,24,1500,USA,TRUE,
"Data Analyst (Denver, Remote)",TRUE,"[""indeed"",""linkedin""]",Data Analyst,"Denver, CO",TRUE,,24,1500,USA,TRUE,
"Solutions Consultant (Boulder, Local)",TRUE,"[""indeed"",""linkedin""]",Solutions Consultant,"Boulder, CO",,25,24,1500,USA,TRUE,
"Solutions Consultant (Boulder, Remote)",TRUE,"[""indeed"",""linkedin""]",Solutions Consultant,"Boulder, CO",TRUE,,24,1500,USA,TRUE,
"Solutions Consultant (Loveland, Local)",TRUE,"[""indeed"",""linkedin""]",Solutions Consultant,"Loveland, CO",,25,24,1500,USA,TRUE,
"Solutions Consultant (Loveland, Remote)",TRUE,"[""indeed"",""linkedin""]",Solutions Consultant,"Loveland, CO",TRUE,,24,1500,USA,TRUE,
"Solutions Consultant (Denver, Local)",TRUE,"[""indeed"",""linkedin""]",Solutions Consultant,"Denver, CO",,25,24,1500,USA,TRUE,
"Solutions Consultant (Denver, Remote)",TRUE,"[""indeed"",""linkedin""]",Solutions Consultant,"Denver, CO",TRUE,,24,1500,USA,TRUE,
"Technical Consultant (Boulder, Local)",TRUE,"[""indeed"",""linkedin""]",Technical Consultant,"Boulder, CO",,25,24,1500,USA,TRUE,
"Technical Consultant (Boulder, Remote)",TRUE,"[""indeed"",""linkedin""]",Technical Consultant,"Boulder, CO",TRUE,,24,1500,USA,TRUE,
"Technical Consultant (Loveland, Local)",TRUE,"[""indeed"",""linkedin""]",Technical Consultant,"Loveland, CO",,25,24,1500,USA,TRUE,
"Technical Consultant (Loveland, Remote)",TRUE,"[""indeed"",""linkedin""]",Technical Consultant,"Loveland, CO",TRUE,,24,1500,USA,TRUE,
"Technical Consultant (Denver, Local)",TRUE,"[""indeed"",""linkedin""]",Technical Consultant,"Denver, CO",,25,24,1500,USA,TRUE,
"Technical Consultant (Denver, Remote)",TRUE,"[""indeed"",""linkedin""]",Technical Consultant,"Denver, CO",TRUE,,24,1500,USA,TRUE,
"Professional Services Consultant (Boulder, Local)",TRUE,"[""indeed"",""linkedin""]",Professional Services Consultant,"Boulder, CO",,25,24,1500,USA,TRUE,
"Professional Services Consultant (Boulder, Remote)",TRUE,"[""indeed"",""linkedin""]",Professional Services Consultant,"Boulder, CO",TRUE,,24,1500,USA,TRUE,
"Professional Services Consultant (Loveland, Local)",TRUE,"[""indeed"",""linkedin""]",Professional Services Consultant,"Loveland, CO",,25,24,1500,USA,TRUE,
"Professional Services Consultant (Loveland, Remote)",TRUE,"[""indeed"",""linkedin""]",Professional Services Consultant,"Loveland, CO",TRUE,,24,1500,USA,TRUE,
"Professional Services Consultant (Denver, Local)",TRUE,"[""indeed"",""linkedin""]",Professional Services Consultant,"Denver, CO",,25,24,1500,USA,TRUE,
"Professional Services Consultant (Denver, Remote)",TRUE,"[""indeed"",""linkedin""]",Professional Services Consultant,"Denver, CO",TRUE,,24,1500,USA,TRUE,
"Implementation, Integration, Deployment Consultant (Boulder, Local)",TRUE,"[""indeed"",""linkedin""]",Implementation Consultant or Integration Consultant or Deployment Consultant,"Boulder, CO",,25,24,1500,USA,TRUE,
"Implementation, Integration, Deployment Consultant (Boulder, Remote)",TRUE,"[""indeed"",""linkedin""]",Implementation Consultant or Integration Consultant or Deployment Consultant,"Boulder, CO",TRUE,,24,1500,USA,TRUE,
"Implementation, Integration, Deployment Consultant (Loveland, Local)",TRUE,"[""indeed"",""linkedin""]",Implementation Consultant or Integration Consultant or Deployment Consultant,"Loveland, CO",,25,24,1500,USA,TRUE,
"Implementation, Integration, Deployment Consultant (Loveland, Remote)",TRUE,"[""indeed"",""linkedin""]",Implementation Consultant or Integration Consultant or Deployment Consultant,"Loveland, CO",TRUE,,24,1500,USA,TRUE,
"Implementation, Integration, Deployment Consultant (Denver, Local)",TRUE,"[""indeed"",""linkedin""]",Implementation Consultant or Integration Consultant or Deployment Consultant,"Denver, CO",,25,24,1500,USA,TRUE,
"Implementation, Integration, Deployment Consultant (Denver, Remote)",TRUE,"[""indeed"",""linkedin""]",Implementation Consultant or Integration Consultant or Deployment Consultant,"Denver, CO",TRUE,,24,1500,USA,TRUE,
"Business Analyst (Boulder, Local)",TRUE,"[""indeed"",""linkedin""]",Business Analyst,"Boulder, CO",,25,24,1500,USA,TRUE,
"Business Analyst (Boulder, Remote)",TRUE,"[""indeed"",""linkedin""]",Business Analyst,"Boulder, CO",TRUE,,24,1500,USA,TRUE,
"Business Analyst (Loveland, Local)",TRUE,"[""indeed"",""linkedin""]",Business Analyst,"Loveland, CO",,25,24,1500,USA,TRUE,
"Business Analyst (Loveland, Remote)",TRUE,"[""indeed"",""linkedin""]",Business Analyst,"Loveland, CO",TRUE,,24,1500,USA,TRUE,
"Business Analyst (Denver, Local)",TRUE,"[""indeed"",""linkedin""]",Business Analyst,"Denver, CO",,25,24,1500,USA,TRUE,
"Business Analyst (Denver, Remote)",TRUE,"[""indeed"",""linkedin""]",Business Analyst,"Denver, CO",TRUE,,24,1500,USA,TRUE,
"Operations Consultant (Boulder, Local)",TRUE,"[""indeed"",""linkedin""]",Operations Consultant,"Boulder, CO",,25,24,1500,USA,TRUE,
"Operations Consultant (Boulder, Remote)",TRUE,"[""indeed"",""linkedin""]",Operations Consultant,"Boulder, CO",TRUE,,24,1500,USA,TRUE,
"Operations Consultant (Loveland, Local)",TRUE,"[""indeed"",""linkedin""]",Operations Consultant,"Loveland, CO",,25,24,1500,USA,TRUE,
"Operations Consultant (Loveland, Remote)",TRUE,"[""indeed"",""linkedin""]",Operations Consultant,"Loveland, CO",TRUE,,24,1500,USA,TRUE,
"Operations Consultant (Denver, Local)",TRUE,"[""indeed"",""linkedin""]",Operations Consultant,"Denver, CO",,25,24,1500,USA,TRUE,
"Operations Consultant (Denver, Remote)",TRUE,"[""indeed"",""linkedin""]",Operations Consultant,"Denver, CO",TRUE,,24,1500,USA,TRUE,
"Implementation, Integration, Deployment Specialist (Boulder, Local)",TRUE,"[""indeed"",""linkedin""]",Implementation Specialist or Integration Specialist or Deployment Specialist,"Boulder, CO",,25,24,1500,USA,TRUE,
"Implementation, Integration, Deployment Specialist (Boulder, Remote)",TRUE,"[""indeed"",""linkedin""]",Implementation Specialist or Integration Specialist or Deployment Specialist,"Boulder, CO",TRUE,,24,1500,USA,TRUE,
"Implementation, Integration, Deployment Specialist (Loveland, Local)",TRUE,"[""indeed"",""linkedin""]",Implementation Specialist or Integration Specialist or Deployment Specialist,"Loveland, CO",,25,24,1500,USA,TRUE,
"Implementation, Integration, Deployment Specialist (Loveland, Remote)",TRUE,"[""indeed"",""linkedin""]",Implementation Specialist or Integration Specialist or Deployment Specialist,"Loveland, CO",TRUE,,24,1500,USA,TRUE,
"Implementation, Integration, Deployment Specialist (Denver, Local)",TRUE,"[""indeed"",""linkedin""]",Implementation Specialist or Integration Specialist or Deployment Specialist,"Denver, CO",,25,24,1500,USA,TRUE,
"Implementation, Integration, Deployment Specialist (Denver, Remote)",TRUE,"[""indeed"",""linkedin""]",Implementation Specialist or Integration Specialist or Deployment Specialist,"Denver, CO",TRUE,,24,1500,USA,TRUE,
"Operations Analyst (Boulder, Local)",TRUE,"[""indeed"",""linkedin""]",Operations Analyst,"Boulder, CO",,25,24,1500,USA,TRUE,
"Operations Analyst (Boulder, Remote)",TRUE,"[""indeed"",""linkedin""]",Operations Analyst,"Boulder, CO",TRUE,,24,1500,USA,TRUE,
"Operations Analyst (Loveland, Local)",TRUE,"[""indeed"",""linkedin""]",Operations Analyst,"Loveland, CO",,25,24,1500,USA,TRUE,
"Operations Analyst (Loveland, Remote)",TRUE,"[""indeed"",""linkedin""]",Operations Analyst,"Loveland, CO",TRUE,,24,1500,USA,TRUE,
"Operations Analyst (Denver, Local)",TRUE,"[""indeed"",""linkedin""]",Operations Analyst,"Denver, CO",,25,24,1500,USA,TRUE,
"Operations Analyst (Denver, Remote)",TRUE,"[""indeed"",""linkedin""]",Operations Analyst,"Denver, CO",TRUE,,24,1500,USA,TRUE,
"Partner Enablement and Onboarding (Boulder, Local)",TRUE,"[""indeed"",""linkedin""]",Partner Enablement or Partner Onboarding,"Boulder, CO",,25,24,1500,USA,TRUE,
"Partner Enablement and Onboarding (Boulder, Remote)",TRUE,"[""indeed"",""linkedin""]",Partner Enablement or Partner Onboarding,"Boulder, CO",TRUE,,24,1500,USA,TRUE,
"Partner Enablement and Onboarding (Loveland, Local)",TRUE,"[""indeed"",""linkedin""]",Partner Enablement or Partner Onboarding,"Loveland, CO",,25,24,1500,USA,TRUE,
"Partner Enablement and Onboarding (Loveland, Remote)",TRUE,"[""indeed"",""linkedin""]",Partner Enablement or Partner Onboarding,"Loveland, CO",TRUE,,24,1500,USA,TRUE,
"Partner Enablement and Onboarding (Denver, Local)",TRUE,"[""indeed"",""linkedin""]",Partner Enablement or Partner Onboarding,"Denver, CO",,25,24,1500,USA,TRUE,
"Partner Enablement and Onboarding (Denver, Remote)",TRUE,"[""indeed"",""linkedin""]",Partner Enablement or Partner Onboarding,"Denver, CO",TRUE,,24,1500,USA,TRUE,
"Technical Program Manager (Boulder, Local)",TRUE,"[""indeed"",""linkedin""]",Technical Program Manager,"Boulder, CO",,25,24,1500,USA,TRUE,
"Technical Program Manager (Boulder, Remote)",TRUE,"[""indeed"",""linkedin""]",Technical Program Manager,"Boulder, CO",TRUE,,24,1500,USA,TRUE,
"Technical Program Manager (Loveland, Local)",TRUE,"[""indeed"",""linkedin""]",Technical Program Manager,"Loveland, CO",,25,24,1500,USA,TRUE,
"Technical Program Manager (Loveland, Remote)",TRUE,"[""indeed"",""linkedin""]",Technical Program Manager,"Loveland, CO",TRUE,,24,1500,USA,TRUE,
"Technical Program Manager (Denver, Local)",TRUE,"[""indeed"",""linkedin""]",Technical Program Manager,"Denver, CO",,25,24,1500,USA,TRUE,
"Technical Program Manager (Denver, Remote)",TRUE,"[""indeed"",""linkedin""]",Technical Program Manager,"Denver, CO",TRUE,,24,1500,USA,TRUE,
"Technical Account Manager (Boulder, Local)",TRUE,"[""indeed"",""linkedin""]",Technical Account Manager,"Boulder, CO",,25,24,1500,USA,TRUE,
"Technical Account Manager (Boulder, Remote)",TRUE,"[""indeed"",""linkedin""]",Technical Account Manager,"Boulder, CO",TRUE,,24,1500,USA,TRUE,
"Technical Account Manager (Loveland, Local)",TRUE,"[""indeed"",""linkedin""]",Technical Account Manager,"Loveland, CO",,25,24,1500,USA,TRUE,
"Technical Account Manager (Loveland, Remote)",TRUE,"[""indeed"",""linkedin""]",Technical Account Manager,"Loveland, CO",TRUE,,24,1500,USA,TRUE,
"Technical Account Manager (Denver, Local)",TRUE,"[""indeed"",""linkedin""]",Technical Account Manager,"Denver, CO",,25,24,1500,USA,TRUE,
"Technical Account Manager (Denver, Remote)",TRUE,"[""indeed"",""linkedin""]",Technical Account Manager,"Denver, CO",TRUE,,24,1500,USA,TRUE,
"Customer Success Manager (Boulder, Local)",TRUE,"[""indeed"",""linkedin""]",Customer Success Manager,"Boulder, CO",,25,24,1500,USA,TRUE,
"Customer Success Manager (Boulder, Remote)",TRUE,"[""indeed"",""linkedin""]",Customer Success Manager,"Boulder, CO",TRUE,,24,1500,USA,TRUE,
"Customer Success Manager (Loveland, Local)",TRUE,"[""indeed"",""linkedin""]",Customer Success Manager,"Loveland, CO",,25,24,1500,USA,TRUE,
"Customer Success Manager (Loveland, Remote)",TRUE,"[""indeed"",""linkedin""]",Customer Success Manager,"Loveland, CO",TRUE,,24,1500,USA,TRUE,
"Customer Success Manager (Denver, Local)",TRUE,"[""indeed"",""linkedin""]",Customer Success Manager,"Denver, CO",,25,24,1500,USA,TRUE,
"Customer Success Manager (Denver, Remote)",TRUE,"[""indeed"",""linkedin""]",Customer Success Manager,"Denver, CO",TRUE,,24,1500,USA,TRUE,
"Product Training Specialist (Boulder, Local)",TRUE,"[""indeed"",""linkedin""]",Product Training Specialist,"Boulder, CO",,25,24,1500,USA,TRUE,
"Product Training Specialist (Boulder, Remote)",TRUE,"[""indeed"",""linkedin""]",Product Training Specialist,"Boulder, CO",TRUE,,24,1500,USA,TRUE,
"Product Training Specialist (Loveland, Local)",TRUE,"[""indeed"",""linkedin""]",Product Training Specialist,"Loveland, CO",,25,24,1500,USA,TRUE,
"Product Training Specialist (Loveland, Remote)",TRUE,"[""indeed"",""linkedin""]",Product Training Specialist,"Loveland, CO",TRUE,,24,1500,USA,TRUE,
"Product Training Specialist (Denver, Local)",TRUE,"[""indeed"",""linkedin""]",Product Training Specialist,"Denver, CO",,25,24,1500,USA,TRUE,
"Product Training Specialist (Denver, Remote)",TRUE,"[""indeed"",""linkedin""]",Product Training Specialist,"Denver, CO",TRUE,,24,1500,USA,TRUE,
"Customer Success Analyst (Boulder, Local)",TRUE,"[""indeed"",""linkedin""]",Customer Success Analyst,"Boulder, CO",,25,24,1500,USA,TRUE,
"Customer Success Analyst (Boulder, Remote)",TRUE,"[""indeed"",""linkedin""]",Customer Success Analyst,"Boulder, CO",TRUE,,24,1500,USA,TRUE,
"Customer Success Analyst (Loveland, Local)",TRUE,"[""indeed"",""linkedin""]",Customer Success Analyst,"Loveland, CO",,25,24,1500,USA,TRUE,
"Customer Success Analyst (Loveland, Remote)",TRUE,"[""indeed"",""linkedin""]",Customer Success Analyst,"Loveland, CO",TRUE,,24,1500,USA,TRUE,
"Customer Success Analyst (Denver, Local)",TRUE,"[""indeed"",""linkedin""]",Customer Success Analyst,"Denver, CO",,25,24,1500,USA,TRUE,
"Customer Success Analyst (Denver, Remote)",TRUE,"[""indeed"",""linkedin""]",Customer Success Analyst,"Denver, CO",TRUE,,24,1500,USA,TRUE,
"Customer Onboarding and Enablement (Boulder, Local)",TRUE,"[""indeed"",""linkedin""]",Customer Onboarding or Customer Enablement,"Boulder, CO",,25,24,1500,USA,TRUE,
"Customer Onboarding and Enablement (Boulder, Remote)",TRUE,"[""indeed"",""linkedin""]",Customer Onboarding or Customer Enablement,"Boulder, CO",TRUE,,24,1500,USA,TRUE,
"Customer Onboarding and Enablement (Loveland, Local)",TRUE,"[""indeed"",""linkedin""]",Customer Onboarding or Customer Enablement,"Loveland, CO",,25,24,1500,USA,TRUE,
"Customer Onboarding and Enablement (Loveland, Remote)",TRUE,"[""indeed"",""linkedin""]",Customer Onboarding or Customer Enablement,"Loveland, CO",TRUE,,24,1500,USA,TRUE,
"Customer Onboarding and Enablement (Denver, Local)",TRUE,"[""indeed"",""linkedin""]",Customer Onboarding or Customer Enablement,"Denver, CO",,25,24,1500,USA,TRUE,
"Customer Onboarding and Enablement (Denver, Remote)",TRUE,"[""indeed"",""linkedin""]",Customer Onboarding or Customer Enablement,"Denver, CO",TRUE,,24,1500,USA,TRUE,
"Solutions Engineer (Boulder, Local)",TRUE,"[""indeed"",""linkedin""]",Solutions Engineer,"Boulder, CO",,25,24,1500,USA,TRUE,
"Solutions Engineer (Boulder, Remote)",TRUE,"[""indeed"",""linkedin""]",Solutions Engineer,"Boulder, CO",TRUE,,24,1500,USA,TRUE,
"Solutions Engineer (Loveland, Local)",TRUE,"[""indeed"",""linkedin""]",Solutions Engineer,"Loveland, CO",,25,24,1500,USA,TRUE,
"Solutions Engineer (Loveland, Remote)",TRUE,"[""indeed"",""linkedin""]",Solutions Engineer,"Loveland, CO",TRUE,,24,1500,USA,TRUE,
"Solutions Engineer (Denver, Local)",TRUE,"[""indeed"",""linkedin""]",Solutions Engineer,"Denver, CO",,25,24,1500,USA,TRUE,
"Solutions Engineer (Denver, Remote)",TRUE,"[""indeed"",""linkedin""]",Solutions Engineer,"Denver, CO",TRUE,,24,1500,USA,TRUE,
"Professional Services Engineer (Boulder, Local)",TRUE,"[""indeed"",""linkedin""]",Professional Services Engineer,"Boulder, CO",,25,24,1500,USA,TRUE,
"Professional Services Engineer (Boulder, Remote)",TRUE,"[""indeed"",""linkedin""]",Professional Services Engineer,"Boulder, CO",TRUE,,24,1500,USA,TRUE,
"Professional Services Engineer (Loveland, Local)",TRUE,"[""indeed"",""linkedin""]",Professional Services Engineer,"Loveland, CO",,25,24,1500,USA,TRUE,
"Professional Services Engineer (Loveland, Remote)",TRUE,"[""indeed"",""linkedin""]",Professional Services Engineer,"Loveland, CO",TRUE,,24,1500,USA,TRUE,
"Professional Services Engineer (Denver, Local)",TRUE,"[""indeed"",""linkedin""]",Professional Services Engineer,"Denver, CO",,25,24,1500,USA,TRUE,
"Professional Services Engineer (Denver, Remote)",TRUE,"[""indeed"",""linkedin""]",Professional Services Engineer,"Denver, CO",TRUE,,24,1500,USA,TRUE,
"Implementation, Integration, Deployment Engineer (Boulder, Local)",TRUE,"[""indeed"",""linkedin""]",Implementation Engineer or Integration Engineer or Deployment Engineer,"Boulder, CO",,25,24,1500,USA,TRUE,
"Implementation, Integration, Deployment Engineer (Boulder, Remote)",TRUE,"[""indeed"",""linkedin""]",Implementation Engineer or Integration Engineer or Deployment Engineer,"Boulder, CO",TRUE,,24,1500,USA,TRUE,
"Implementation, Integration, Deployment Engineer (Loveland, Local)",TRUE,"[""indeed"",""linkedin""]",Implementation Engineer or Integration Engineer or Deployment Engineer,"Loveland, CO",,25,24,1500,USA,TRUE,
"Implementation, Integration, Deployment Engineer (Loveland, Remote)",TRUE,"[""indeed"",""linkedin""]",Implementation Engineer or Integration Engineer or Deployment Engineer,"Loveland, CO",TRUE,,24,1500,USA,TRUE,
"Implementation, Integration, Deployment Engineer (Denver, Local)",TRUE,"[""indeed"",""linkedin""]",Implementation Engineer or Integration Engineer or Deployment Engineer,"Denver, CO",,25,24,1500,USA,TRUE,
"Implementation, Integration, Deployment Engineer (Denver, Remote)",TRUE,"[""indeed"",""linkedin""]",Implementation Engineer or Integration Engineer or Deployment Engineer,"Denver, CO",TRUE,,24,1500,USA,TRUE,
"Customer Success Engineer (Boulder, Local)",TRUE,"[""indeed"",""linkedin""]",Customer Success Engineer,"Boulder, CO",,25,24,1500,USA,TRUE,
"Customer Success Engineer (Boulder, Remote)",TRUE,"[""indeed"",""linkedin""]",Customer Success Engineer,"Boulder, CO",TRUE,,24,1500,USA,TRUE,
"Customer Success Engineer (Loveland, Local)",TRUE,"[""indeed"",""linkedin""]",Customer Success Engineer,"Loveland, CO",,25,24,1500,USA,TRUE,
"Customer Success Engineer (Loveland, Remote)",TRUE,"[""indeed"",""linkedin""]",Customer Success Engineer,"Loveland, CO",TRUE,,24,1500,USA,TRUE,
"Customer Success Engineer (Denver, Local)",TRUE,"[""indeed"",""linkedin""]",Customer Success Engineer,"Denver, CO",,25,24,1500,USA,TRUE,
"Customer Success Engineer (Denver, Remote)",TRUE,"[""indeed"",""linkedin""]",Customer Success Engineer,"Denver, CO",TRUE,,24,1500,USA,TRUE,
"Customer Account Manager (Boulder, Local)",TRUE,"[""indeed"",""linkedin""]",Customer Account Manager,"Boulder, CO",,25,24,1500,USA,TRUE,
"Customer Account Manager (Boulder, Remote)",TRUE,"[""indeed"",""linkedin""]",Customer Account Manager,"Boulder, CO",TRUE,,24,1500,USA,TRUE,
"Customer Account Manager (Loveland, Local)",TRUE,"[""indeed"",""linkedin""]",Customer Account Manager,"Loveland, CO",,25,24,1500,USA,TRUE,
"Customer Account Manager (Loveland, Remote)",TRUE,"[""indeed"",""linkedin""]",Customer Account Manager,"Loveland, CO",TRUE,,24,1500,USA,TRUE,
"Customer Account Manager (Denver, Local)",TRUE,"[""indeed"",""linkedin""]",Customer Account Manager,"Denver, CO",,25,24,1500,USA,TRUE,
"Customer Account Manager (Denver, Remote)",TRUE,"[""indeed"",""linkedin""]",Customer Account Manager,"Denver, CO",TRUE,,24,1500,USA,TRUE,
"Operations Specialist (Boulder, Local)",TRUE,"[""indeed"",""linkedin""]",Operations Specialist,"Boulder, CO",,25,24,1500,USA,TRUE,
"Operations Specialist (Boulder, Remote)",TRUE,"[""indeed"",""linkedin""]",Operations Specialist,"Boulder, CO",TRUE,,24,1500,USA,TRUE,
"Operations Specialist (Loveland, Local)",TRUE,"[""indeed"",""linkedin""]",Operations Specialist,"Loveland, CO",,25,24,1500,USA,TRUE,
"Operations Specialist (Loveland, Remote)",TRUE,"[""indeed"",""linkedin""]",Operations Specialist,"Loveland, CO",TRUE,,24,1500,USA,TRUE,
"Operations Specialist (Denver, Local)",TRUE,"[""indeed"",""linkedin""]",Operations Specialist,"Denver, CO",,25,24,1500,USA,TRUE,
"Operations Specialist (Denver, Remote)",TRUE,"[""indeed"",""linkedin""]",Operations Specialist,"Denver, CO",TRUE,,24,1500,USA,TRUE,
"Managed Services (Boulder, Local)",TRUE,"[""indeed"",""linkedin""]",Managed Services,"Boulder, CO",,25,24,1500,USA,TRUE,
"Managed Services (Boulder, Remote)",TRUE,"[""indeed"",""linkedin""]",Managed Services,"Boulder, CO",TRUE,,24,1500,USA,TRUE,
"Managed Services (Loveland, Local)",TRUE,"[""indeed"",""linkedin""]",Managed Services,"Loveland, CO",,25,24,1500,USA,TRUE,
"Managed Services (Loveland, Remote)",TRUE,"[""indeed"",""linkedin""]",Managed Services,"Loveland, CO",TRUE,,24,1500,USA,TRUE,
"Managed Services (Denver, Local)",TRUE,"[""indeed"",""linkedin""]",Managed Services,"Denver, CO",,25,24,1500,USA,TRUE,
"Managed Services (Denver, Remote)",TRUE,"[""indeed"",""linkedin""]",Managed Services,"Denver, CO",TRUE,,24,1500,USA,TRUE,
"Analyst (Boulder, Local)",TRUE,"[""indeed"",""linkedin""]",Analyst,"Boulder, CO",,25,24,1500,USA,TRUE,
"Analyst (Boulder, Remote)",TRUE,"[""indeed"",""linkedin""]",Analyst,"Boulder, CO",TRUE,,24,1500,USA,TRUE,
"Analyst (Loveland, Local)",TRUE,"[""indeed"",""linkedin""]",Analyst,"Loveland, CO",,25,24,1500,USA,TRUE,
"Analyst (Loveland, Remote)",TRUE,"[""indeed"",""linkedin""]",Analyst,"Loveland, CO",TRUE,,24,1500,USA,TRUE,
"Analyst (Denver, Local)",TRUE,"[""indeed"",""linkedin""]",Analyst,"Denver, CO",,25,24,1500,USA,TRUE,
"Analyst (Denver, Remote)",TRUE,"[""indeed"",""linkedin""]",Analyst,"Denver, CO",TRUE,,24,1500,USA,TRUE,
"Data Analyst (USA, Remote)",TRUE,"[""indeed"",""linkedin""]",Data Analyst,USA,TRUE,,24,1500,USA,TRUE,
"Solutions Consultant (USA, Remote)",TRUE,"[""indeed"",""linkedin""]",Solutions Consultant,USA,TRUE,,24,1500,USA,TRUE,
"Technical Consultant (USA, Remote)",TRUE,"[""indeed"",""linkedin""]",Technical Consultant,USA,TRUE,,24,1500,USA,TRUE,
"Professional Services Consultant (USA, Remote)",TRUE,"[""indeed"",""linkedin""]",Professional Services Consultant,USA,TRUE,,24,1500,USA,TRUE,
"Implementation, Integration, Deployment Consultant (USA, Remote)",TRUE,"[""indeed"",""linkedin""]",Implementation Consultant or Integration Consultant or Deployment Consultant,USA,TRUE,,24,1500,USA,TRUE,
"Business Analyst (USA, Remote)",TRUE,"[""indeed"",""linkedin""]",Business Analyst,USA,TRUE,,24,1500,USA,TRUE,
"Operations Consultant (USA, Remote)",TRUE,"[""indeed"",""linkedin""]",Operations Consultant,USA,TRUE,,24,1500,USA,TRUE,
"Implementation, Integration, Deployment Specialist (USA, Remote)",TRUE,"[""indeed"",""linkedin""]",Implementation Specialist or Integration Specialist or Deployment Specialist,USA,TRUE,,24,1500,USA,TRUE,
"Operations Analyst (USA, Remote)",TRUE,"[""indeed"",""linkedin""]",Operations Analyst,USA,TRUE,,24,1500,USA,TRUE,
"Partner Enablement and Onboarding (USA, Remote)",TRUE,"[""indeed"",""linkedin""]",Partner Enablement or Partner Onboarding,USA,TRUE,,24,1500,USA,TRUE,
"Technical Program Manager (USA, Remote)",TRUE,"[""indeed"",""linkedin""]",Technical Program Manager,USA,TRUE,,24,1500,USA,TRUE,
"Technical Account Manager (USA, Remote)",TRUE,"[""indeed"",""linkedin""]",Technical Account Manager,USA,TRUE,,24,1500,USA,TRUE,
"Customer Success Manager (USA, Remote)",TRUE,"[""indeed"",""linkedin""]",Customer Success Manager,USA,TRUE,,24,1500,USA,TRUE,
"Product Training Specialist (USA, Remote)",TRUE,"[""indeed"",""linkedin""]",Product Training Specialist,USA,TRUE,,24,1500,USA,TRUE,
"Customer Success Analyst (USA, Remote)",TRUE,"[""indeed"",""linkedin""]",Customer Success Analyst,USA,TRUE,,24,1500,USA,TRUE,
"Customer Onboarding and Enablement (USA, Remote)",TRUE,"[""indeed"",""linkedin""]",Customer Onboarding or Customer Enablement,USA,TRUE,,24,1500,USA,TRUE,
"Solutions Engineer (USA, Remote)",TRUE,"[""indeed"",""linkedin""]",Solutions Engineer,USA,TRUE,,24,1500,USA,TRUE,
"Professional Services Engineer (USA, Remote)",TRUE,"[""indeed"",""linkedin""]",Professional Services Engineer,USA,TRUE,,24,1500,USA,TRUE,
"Implementation, Integration, Deployment Engineer (USA, Remote)",TRUE,"[""indeed"",""linkedin""]",Implementation Engineer or Integration Engineer or Deployment Engineer,USA,TRUE,,24,1500,USA,TRUE,
"Customer Success Engineer (USA, Remote)",TRUE,"[""indeed"",""linkedin""]",Customer Success Engineer,USA,TRUE,,24,1500,USA,TRUE,
"Customer Account Manager (USA, Remote)",TRUE,"[""indeed"",""linkedin""]",Customer Account Manager,USA,TRUE,,24,1500,USA,TRUE,
"Operations Specialist (USA, Remote)",TRUE,"[""indeed"",""linkedin""]",Operations Specialist,USA,TRUE,,24,1500,USA,TRUE,
"Managed Services (USA, Remote)",TRUE,"[""indeed"",""linkedin""]",Managed Services,USA,TRUE,,24,1500,USA,TRUE,
"Analyst (USA, Remote)",TRUE,"[""indeed"",""linkedin""]",Analyst,USA,TRUE,,24,1500,USA,TRUE,